Title,Year
A View to a Kill,1985
Casino Royale,1967
Casino Royale,2006
Diamonds Are Forever,1971
Die Another Day,2002
Dr. No,1962
For Your Eyes Only,1981
From Russia with Love,1963
GoldenEye,1995
Goldfinger,1964
Licence to Kill,1989
Live and Let Die,1973
Moonraker,1979
Never Say Never Again,1983
Octopussy,1983
'On Her Majesty''s Secret Service',1969
Quantum of Solace,2008
Skyfall,2012
Spectre,2015
The Living Daylights,1987
The Man with the Golden Gun,1974
The Spy Who Loved Me,1977
The World Is Not Enough,1999
Thunderball,1965
Tomorrow Never Dies,1997
You Only Live Twice,1967
